{
    "cards": [
        [
            0.06999999999999999,
            0.1,
            0.0925,
            0.1,
            0.095,
            0.0875,
            0.025,
            NaN
        ],
        [
            0.0,
            0.027500000000000004,
            0.0075,
            0.0925,
            0.0025,
            0.0075,
            NaN,
            0.0625
        ],
        [
            0.057499999999999996,
            0.0975,
            0.06999999999999999,
            0.0725,
            0.0675,
            NaN,
            0.0925,
            0.005
        ],
        [
            0.0,
            0.0,
            0.0225,
            0.01,
            NaN,
            0.0225,
            0.0875,
            0.0025
        ],
        [
            0.0075,
            0.1,
            0.027500000000000004,
            NaN,
            0.075,
            0.025,
            0.005,
            0.0
        ],
        [
            0.057499999999999996,
            0.08249999999999999,
            NaN,
            0.0675,
            0.06999999999999999,
            0.015,
            0.0925,
            0.005
        ],
        [
            0.075,
            NaN,
            0.0075,
            0.0,
            0.0975,
            0.0,
            0.0625,
            0.0
        ],
        [
            NaN,
            0.0225,
            0.0375,
            0.08499999999999999,
            0.1,
            0.034999999999999996,
            0.1,
            0.0125
        ]
    ],
    "cards_ties": [
        [
            2.0,
            5.0,
            4.25,
            5.0,
            4.5,
            3.75,
            2.5,
            NaN
        ],
        [
            0.0,
            2.75,
            0.75,
            4.25,
            0.25,
            0.75,
            NaN,
            1.25
        ],
        [
            0.75,
            4.75,
            2.0,
            2.25,
            1.75,
            NaN,
            4.25,
            0.5
        ],
        [
            0.0,
            0.0,
            2.25,
            1.0,
            NaN,
            2.25,
            3.75,
            0.25
        ],
        [
            0.75,
            5.0,
            2.75,
            NaN,
            2.5,
            2.5,
            0.5,
            0.0
        ],
        [
            0.75,
            3.25,
            NaN,
            1.75,
            2.0,
            1.5,
            4.25,
            0.5
        ],
        [
            2.5,
            NaN,
            0.75,
            0.0,
            4.75,
            0.0,
            1.25,
            0.0
        ],
        [
            NaN,
            2.25,
            3.75,
            3.5,
            5.0,
            3.5,
            5.0,
            1.25
        ]
    ],
    "tricks": [
        [
            2.5e-323,
            0.05,
            5.4e-323,
            0.05,
            0.05,
            5e-323,
            3e-323,
            6.4e-323
        ],
        [
            0.0,
            3.5e-323,
            1e-323,
            0.05,
            5e-324,
            1e-323,
            6.4e-323,
            1.5e-323
        ],
        [
            0.05,
            0.05,
            2.5e-323,
            0.05,
            0.05,
            6.4e-323,
            0.05,
            0.05
        ],
        [
            0.0,
            0.0,
            3e-323,
            1.5e-323,
            6.4e-323,
            3e-323,
            0.05,
            5e-324
        ],
        [
            1e-323,
            0.05,
            3.5e-323,
            6.4e-323,
            0.05,
            3e-323,
            5e-324,
            0.0
        ],
        [
            0.05,
            0.05,
            6.4e-323,
            0.05,
            0.05,
            2e-323,
            0.05,
            5e-324
        ],
        [
            0.05,
            6.4e-323,
            1e-323,
            0.0,
            0.05,
            0.0,
            0.05,
            0.0
        ],
        [
            6.4e-323,
            3e-323,
            5e-323,
            0.05,
            0.05,
            4.4e-323,
            0.05,
            1.5e-323
        ]
    ],
    "tricks_ties": [
        [
            0.075,
            0.025,
            0.075,
            0.025,
            0.025,
            0.025,
            0.075,
            0.025
        ],
        [
            0.075,
            0.075,
            0.075,
            0.075,
            0.075,
            0.075,
            0.075,
            0.125
        ],
        [
            0.125,
            0.125,
            0.175,
            0.125,
            0.125,
            0.125,
            0.125,
            0.125
        ],
        [
            0.175,
            0.175,
            0.175,
            0.175,
            0.175,
            0.175,
            0.175,
            0.175
        ],
        [
            0.225,
            0.225,
            0.225,
            0.225,
            0.225,
            0.225,
            0.225,
            0.225
        ],
        [
            0.275,
            0.275,
            0.275,
            0.275,
            0.275,
            0.325,
            0.275,
            0.325
        ],
        [
            0.325,
            0.325,
            0.325,
            0.325,
            0.325,
            0.325,
            0.325,
            0.325
        ],
        [
            0.375,
            0.375,
            0.375,
            0.375,
            0.375,
            0.375,
            0.375,
            0.425
        ]
    ],
    "n": 20
}