{
    "cards": [
        [
            0.4866666666666667,
            0.9733333333333334,
            0.6966666666666667,
            1.0,
            0.795,
            0.7,
            0.53,
            0.0
        ],
        [
            0.006666666666666667,
            0.445,
            0.065,
            0.9966666666666667,
            0.03166666666666667,
            0.125,
            0.0,
            0.45166666666666666
        ],
        [
            0.24833333333333332,
            0.8983333333333333,
            0.445,
            0.545,
            0.465,
            0.0,
            0.8683333333333333,
            0.2816666666666667
        ],
        [
            0.0,
            0.0016666666666666668,
            0.415,
            0.5133333333333333,
            0.0,
            0.51,
            0.9583333333333334,
            0.17833333333333334
        ],
        [
            0.18833333333333332,
            0.9383333333333334,
            0.48833333333333334,
            0.0,
            0.4666666666666667,
            0.435,
            0.0033333333333333335,
            0.0
        ],
        [
            0.28,
            0.8583333333333333,
            0.0,
            0.49333333333333335,
            0.5666666666666667,
            0.5383333333333333,
            0.925,
            0.2816666666666667
        ],
        [
            0.475,
            0.0,
            0.12666666666666668,
            0.056666666666666664,
            0.9966666666666667,
            0.09166666666666666,
            0.5066666666666667,
            0.02
        ],
        [
            0.0,
            0.505,
            0.71,
            0.7833333333333333,
            1.0,
            0.7333333333333333,
            0.9933333333333333,
            0.495
        ]
    ],
    "cards_ties": [
        [
            0.018333333333333333,
            0.006666666666666667,
            0.021666666666666667,
            0.0,
            0.02666666666666667,
            0.018333333333333333,
            0.018333333333333333,
            0.0
        ],
        [
            0.0,
            0.04833333333333333,
            0.01,
            0.0,
            0.01,
            0.006666666666666667,
            0.0,
            0.018333333333333333
        ],
        [
            0.018333333333333333,
            0.01,
            0.016666666666666666,
            0.02,
            0.025,
            0.0016666666666666668,
            0.006666666666666667,
            0.018333333333333333
        ],
        [
            0.0,
            0.0016666666666666668,
            0.018333333333333333,
            0.02,
            0.0,
            0.025,
            0.01,
            0.02666666666666667
        ],
        [
            0.028333333333333332,
            0.005,
            0.018333333333333333,
            0.0,
            0.02,
            0.02,
            0.0,
            0.0
        ],
        [
            0.01,
            0.015,
            0.0016666666666666668,
            0.018333333333333333,
            0.018333333333333333,
            0.016666666666666666,
            0.01,
            0.021666666666666667
        ],
        [
            0.02,
            0.0,
            0.015,
            0.005,
            0.0016666666666666668,
            0.01,
            0.04833333333333333,
            0.006666666666666667
        ],
        [
            0.0016666666666666668,
            0.02,
            0.01,
            0.028333333333333332,
            0.0,
            0.018333333333333333,
            0.0,
            0.018333333333333333
        ]
    ],
    "tricks": [
        [
            0.32666666666666666,
            0.9666666666666667,
            0.6866666666666666,
            0.995,
            0.7683333333333333,
            0.6466666666666666,
            0.47,
            0.0
        ],
        [
            0.005,
            0.385,
            0.09,
            0.9283333333333333,
            0.04,
            0.11333333333333333,
            0.0,
            0.3883333333333333
        ],
        [
            0.18333333333333332,
            0.7766666666666666,
            0.38166666666666665,
            0.4116666666666667,
            0.42333333333333334,
            0.0,
            0.8016666666666666,
            0.23333333333333334
        ],
        [
            0.0016666666666666668,
            0.02666666666666667,
            0.43166666666666664,
            0.4716666666666667,
            0.0,
            0.45666666666666667,
            0.8983333333333333,
            0.11
        ],
        [
            0.09833333333333333,
            0.8683333333333333,
            0.43333333333333335,
            0.0,
            0.3933333333333333,
            0.42833333333333334,
            0.025,
            0.0016666666666666668
        ],
        [
            0.205,
            0.795,
            0.0,
            0.43333333333333335,
            0.44,
            0.44333333333333336,
            0.82,
            0.18166666666666667
        ],
        [
            0.395,
            0.0,
            0.13166666666666665,
            0.058333333333333334,
            0.93,
            0.14,
            0.455,
            0.013333333333333334
        ],
        [
            0.0,
            0.44333333333333336,
            0.68,
            0.775,
            0.9933333333333333,
            0.6883333333333334,
            0.98,
            0.31166666666666665
        ]
    ],
    "tricks_ties": [
        [
            0.3616666666666667,
            0.02,
            0.13166666666666665,
            0.0033333333333333335,
            0.12166666666666667,
            0.12,
            0.14166666666666666,
            0.0
        ],
        [
            0.015,
            0.16,
            0.09,
            0.04666666666666667,
            0.06166666666666667,
            0.085,
            0.0,
            0.14166666666666666
        ],
        [
            0.12833333333333333,
            0.08333333333333333,
            0.175,
            0.16,
            0.12,
            0.0016666666666666668,
            0.085,
            0.12
        ],
        [
            0.005,
            0.043333333333333335,
            0.12833333333333333,
            0.135,
            0.0,
            0.12,
            0.06166666666666667,
            0.12166666666666667
        ],
        [
            0.12666666666666668,
            0.07333333333333333,
            0.13333333333333333,
            0.0,
            0.135,
            0.16,
            0.04666666666666667,
            0.0033333333333333335
        ],
        [
            0.115,
            0.07333333333333333,
            0.0016666666666666668,
            0.13333333333333333,
            0.12833333333333333,
            0.175,
            0.09,
            0.13166666666666665
        ],
        [
            0.16166666666666665,
            0.0,
            0.07333333333333333,
            0.07333333333333333,
            0.043333333333333335,
            0.08333333333333333,
            0.16,
            0.02
        ],
        [
            0.0016666666666666668,
            0.16166666666666665,
            0.115,
            0.12666666666666668,
            0.005,
            0.12833333333333333,
            0.015,
            0.3616666666666667
        ]
    ],
    "n": 600
}